Entity,Access to electricity (% of population),Access to clean fuels for cooking,Renewable-electricity-generating-capacity-per-capita,Financial flows to developing countries (US $),Renewable energy share in the total final energy consumption (%),Electricity from fossil fuels (TWh),Electricity from nuclear (TWh),Electricity from renewables (TWh),Low-carbon electricity (% electricity),Primary energy consumption per capita (kWh/person),Energy intensity level of primary energy (MJ/$2017 PPP GDP),Value_co2_emissions_kt_by_country,Renewables (% equivalent primary energy),gdp_growth,gdp_per_capita,Land Area(Km2),Latitude,Longitude
Afghanistan,97.483227,30.860000000000003,9.628,31477500.0,18.900000000000002,0.16599999999999998,0.0,0.9380000000000001,84.9027238,824.3708979999999,2.3475,5557.50012425,,1.5314096553999998,505.05765594,652230.0,33.93911,67.709953
Albania,99.95599999999999,79.66,,,,0.0,0.0,6.226000000000001,100.0,12795.8734,2.61,4889.99998575,,1.8589179649999998,4916.9380592,28748.0,41.153332,20.168331
Algeria,99.597542,99.64,15.144,70000.0,0.14250000000000002,71.29400000000001,0.0,0.664,0.914285634,15524.6174,5.0725,162509.998325,0.254630218,0.30000000000000016,3898.9391411999995,2381741.0,28.033886000000003,1.659626
Angola,44.52996,49.0,93.84200000000001,31380000.0,54.332499999999996,3.7980000000000005,0.0,9.344,70.5048876,3518.6849199999997,2.7525,25794.999597500002,,-2.151104804,3095.4640272,1246700.0,-11.202692,17.873887
Antigua and Barbuda,100.0,100.0,83.51199999999999,19550000.0,0.7525,0.32,0.0,0.01,3.01247768,32032.284200000002,3.65,507.49999285,,0.03885777139999931,15726.261038,443.0,17.060816,-61.796428000000006
Argentina,99.967832,99.84,268.83599999999996,430270000.0,10.2525,96.13,7.6259999999999994,34.214,30.3428382,21486.5334,3.3475,176870.00274999999,11.327109,-2.760084906,11566.8198786,2780400.0,-38.416097,-63.61667200000001
Armenia,99.88,98.0,462.76000000000005,55565000.0,11.795,2.8280000000000003,2.216,2.244,61.24383340000001,15598.122,3.7075,5580.000043,,2.6200000002,4119.512124999999,29743.0,40.069099,45.038189
Aruba,100.0,,360.02799999999996,,7.2975,0.762,0.0,0.146,16.088528,49129.4718,3.14,883.747,,2.049999345,29352.08499666667,179.0,12.52111,-69.96833
Australia,100.0,100.0,,,9.7275,201.52399999999997,0.0,47.902,19.189665400000003,64943.16479999999,4.43,386937.5,8.381979320000001,2.0035710724,53512.9844,7741220.0,-25.274398,133.775136
Austria,100.0,100.0,,,34.125,15.102,0.0,52.45,77.635797,46730.1806,2.895,64342.4997325,35.7191406,0.3012602976,48550.294664,83871.0,47.516231,14.550072
Azerbaijan,100.0,96.53999999999999,125.396,15000.0,1.85,22.152,0.0,1.714,7.20121944,17189.954999999998,4.4125,33109.999655,2.8232570200000002,-0.64,4358.9662706,86600.0,40.143105,47.576927
Bahamas,100.0,100.0,4.5200000000000005,230000.0,1.2825,1.9900000000000002,0.0,0.0,0.0,36207.8004,2.3875,,,,,13878.0,25.025885,-78.035889
Bahrain,100.0,100.0,5.178,,0.0,28.663999999999998,0.0,0.01,0.034996595,148273.19199999998,8.4875,31222.4993725,,1.408395163,22879.845756000002,765.0,26.066700000000004,50.5577
Bangladesh,88.824,22.04,2.7880000000000003,259485000.0,27.619999999999997,71.3,0.0,1.2879999999999998,1.78619292,2637.25328,2.4425,81977.49710000001,0.75621396,6.7846452494000005,1696.1636756,148460.0,23.684994,90.356331
Barbados,100.0,100.0,103.276,14336666.666666666,4.68,0.968,0.0,0.038,3.77837312,24106.5752,3.705,1239.99998,,-3.3404338090000003,17111.865024,430.0,13.193887,-59.543198
Belarus,100.0,99.47999999999999,,,7.27,34.008,0.068,0.834,2.54601264,30021.912,6.145,56942.49916,0.66235866,0.7309869316,6089.4570068,207600.0,53.709807,27.953389000000005
Belgium,100.0,100.0,,,9.9275,28.032,38.46,18.03,66.6984986,61912.408200000005,3.9625,93402.50206,7.8560866,0.2390740324000001,45068.76121,30528.0,50.503887,4.469936
Belize,93.792931,82.4,276.544,4477500.0,33.34,0.348,0.0,0.368,51.4152824,9511.19972,5.87,639.9999857,,-1.5122432209999999,4799.6480114,22966.0,17.189877,-88.49765
Benin,38.516362,4.14,0.296,65270000.0,45.31,0.23199999999999998,0.0,0.004,1.8695652000000003,2535.76342,6.0175,7082.499981,,5.2845936184,1195.2525958,112622.0,9.30769,2.315834
Bermuda,100.0,,,,0.81,0.0,0.0,0.0,,49459.7242,1.805,612.389,,-0.672555614,111181.51434,54.0,32.299507,-64.790337
Bhutan,99.452831,78.26,2517.182,220000.0,83.285,0.0,0.0,8.064,100.0,25200.592,8.1225,999.99998495,,2.302565385,3156.858352,38394.0,27.514162,90.433601
Bosnia and Herzegovina,100.0,44.74,,,28.4925,11.197999999999999,0.0,5.418,32.4155408,20698.8338,6.2825,22172.5001325,,1.9390730703999999,5731.8180412,51197.0,43.915886,17.679076
Botswana,68.351764,63.56,2.012,13333.333333333334,25.895,2.684,0.0,0.006,0.229786928,9750.4774,2.83,7129.99999525,,1.9041172410000002,7078.170475000001,581730.0,-22.328474,24.684866
Brazil,99.8,95.78,649.894,247747500.0,46.3275,90.742,14.597999999999999,490.60599999999994,84.7371256,16468.5664,3.9850000000000003,442964.9887,45.935320000000004,-0.5634552758,8696.903685399999,8515770.0,-14.235004,-51.92528
Bulgaria,99.94,,,,18.442500000000003,20.378,16.130000000000003,7.502,53.8213736,29704.3582,5.0025,41377.500535,9.8219973,1.6274029230000004,9068.1889442,110879.0,42.733883,25.48583
Burkina Faso,17.1174388,9.58,4.148,32767500.0,68.29249999999999,1.446,0.0,0.194,11.8064506,886.996196,4.6425,4410.00002625,,5.2768950452,776.35908772,274200.0,12.238333,-1.561593
Burundi,10.5250806,0.2,5.172,31797500.0,86.9975,0.088,0.0,0.20400000000000001,70.965075,268.90096600000004,7.6274999999999995,594.9999988,,0.7299953752,244.0758714,27830.0,-3.3730559999999996,29.918885999999997
Cambodia,82.017992,29.3,80.256,44125000.0,56.0,3.41,0.0,4.002,53.5916152,3488.4139999999998,4.655,13629.999875,,5.0611809426,1470.7538402,181035.0,12.565679,104.990963
Cameroon,62.2501784,22.119999999999997,30.256,297652500.0,79.1525,2.896,0.0,5.04,63.49135,1754.85962,4.485,9317.5001145,,3.1998919492,1507.6339794,475440.0,7.369722,12.354722
Canada,100.0,100.0,,,22.155,112.272,94.88199999999999,428.34,82.341634,107845.5392,7.0775,571302.5207750001,29.4538568,0.6929765836000001,44725.293926,9984670.0,56.130366,-106.34677100000002
Cayman Islands,100.0,,140.296,,0.0075,0.658,0.0,0.012,1.76186136,44479.6054,1.9175,546.383,,1.5410348300000003,84503.940084,264.0,19.3299,81.2524
Central African Republic,14.4881634,0.72,4.1,13452500.0,91.5925,0.0,0.0,0.154,100.0,298.26994,8.717500000000001,224.99999775,,3.3792097300000004,457.95000408,622984.0,6.611110999999999,20.939444
Chad,9.9516008,5.619999999999999,0.21200000000000002,20670000.0,77.8825,0.288,0.0,0.01,3.35780502,404.131264,3.8025,2200.0000475,,-0.9140616478,690.87194952,1284000.0,15.454166,18.732207
Chile,99.94,100.0,585.72,254700000.0,24.845,45.338,,30.554000000000002,40.1799784,24274.2496,3.56,87885.0002275,23.431437600000002,0.35599936219999984,14522.794436,756096.0,-35.675147,-71.542969
China,100.0,75.28,491.534,534367500.0,13.4625,4854.146,294.236,1844.9360000000001,30.454838000000002,27134.643,6.4799999999999995,10295204.8365,12.847198599999999,5.7685929272,9479.0611272,9596960.0,35.86166,104.195397
Colombia,99.03118400000001,91.92,250.464,484072500.0,31.1775,22.242,0.0,55.05800000000001,71.1676008,11084.511999999999,2.455,79324.9988575,30.640110600000003,0.4992852702,6147.3207078,1138910.0,4.570868,-74.297333
Comoros,81.8619738,7.32,1.7399999999999998,5595000.0,56.34,0.092,0.0,0.0,0.0,1507.7232199999999,3.04,280.00000117499997,,2.4810799898,1369.4720634,2235.0,-11.6455,43.3333
Congo,47.4847052,31.089999999999996,42.730000000000004,6936666.666666667,68.8375,2.136,0.0,1.092,34.8640806,3658.76574,5.925,,,,,2345409.0,-4.1128,13.7289
Costa Rica,99.68199999999999,95.22,610.014,113350000.0,36.1175,0.262,0.0,11.084,97.679085,12450.6634,2.0949999999999998,8237.4999525,,1.8341130326,12311.380650000001,51100.0,9.748917,-83.753428
Croatia,100.0,100.0,,,31.5125,4.34,0.0,8.431999999999999,65.8688288,22826.9536,3.205,16809.999945,23.9024674,1.0457436884,14166.103826,56594.0,45.1,15.2
Cuba,99.502206,93.5,76.358,38712500.0,21.7125,16.972,0.0,2.336,12.137129400000001,9318.225999999999,1.4075,26507.499695,,-1.3083769384,8805.9871688,110860.0,21.521757,-77.781167
Cyprus,100.0,100.0,,,11.3875,4.498,0.0,0.492,9.8695688,25878.9022,2.8075,7242.4999475,4.2215238,3.6108271682,27456.565775999996,9251.0,35.126413,33.429859
Czechia,100.0,100.0,,,14.95,45.8,28.53,9.784,45.573538400000004,44898.9136,4.3125,100187.501905,6.05062262,,,78871.0,49.817492,15.472962
Denmark,100.0,100.0,,,34.89,8.544,0.0,21.492,71.7192768,33176.996,2.145,32820.0006475,31.047419400000003,1.6219539779999999,58941.01539,43094.0,56.26392,9.501785
Djibouti,60.48372880000001,9.24,0.378,15087500.0,26.2,0.06,0.0,0.0,0.0,3025.98092,2.0775,414.999991675,,5.7467820276,3139.7572932,23200.0,11.825138,42.590275
Dominica,99.9967072,89.17999999999999,101.082,7950000.0,9.2675,0.06999999999999999,0.0,0.03,30.8838386,11213.3846,3.0125,172.50000315,,-2.2124295518,7712.6176754,751.0,15.414999,-61.370976
Dominican Republic,99.36,90.46000000000001,100.78200000000001,51787500.0,15.5275,16.028,0.0,2.616,14.1121824,10101.8444,2.11,25169.9996,,3.3280722343999996,7698.2390004,48670.0,18.735693,-70.162651
Ecuador,98.908,94.41,294.89,58090000.0,16.465,7.936,0.0,21.580000000000002,72.7409166,11538.6062,3.175,39447.50023,29.431122000000006,-1.06134476,6078.489003799999,283561.0,-1.831239,-78.183406
Egypt,100.0,99.88000000000001,48.922000000000004,711980000.0,5.234999999999999,176.002,0.0,17.983999999999998,9.2808323,10021.9843,3.5775,,4.7582771600000004,,,1001450.0,26.820553,30.802498000000003
El Salvador,97.43199999999999,89.41,199.888,80780000.0,22.075,1.6800000000000002,0.0,4.138,71.13606999999999,6607.5027,3.3175,7040.000081,,0.20523059040000008,3947.0484647999997,21041.0,13.794185000000002,-88.89653
Equatorial Guinea,66.4559268,24.14,96.89,,4.745,0.922,0.0,0.458,33.1788942,17755.755400000002,3.87,6059.99994275,,-6.318552909999999,8897.392625,28051.0,1.650801,10.267895
Eritrea,49.7064516,9.16,4.742,30000.0,75.095,0.4,0.0,0.008,1.88365708,837.5071,,777.50001845,,,,117600.0,15.179384000000002,39.782334
Estonia,100.0,100.0,,,28.6625,8.168000000000001,0.0,2.1100000000000003,24.0511085,52751.271400000005,5.3325000000000005,14549.9997125,8.963243,2.8453405236,21629.330962,45228.0,58.595272,25.013607
Eswatini,73.489144,52.279999999999994,148.736,,66.7925,0.04,0.0,0.646,94.1028908,5608.07878,4.7225,899.9999910500001,,1.2446618900000002,3757.1539605999997,17364.0,-26.522503,31.465866
Ethiopia,46.2596346,6.2700000000000005,37.61,126467500.0,89.7625,0.01,0.0,13.559999999999999,99.9261156,841.578296,8.0825,16597.500085,,8.0469047178,809.85481956,1104300.0,9.145,40.489673
Fiji,98.330026,46.9,235.17200000000003,1490000.0,27.1275,0.394,0.0,0.6719999999999999,63.0116446,8929.32886,2.1075,1607.49998675,,-0.9091998218,5860.6465794000005,18274.0,-17.713371,178.065032
Finland,100.0,100.0,,,44.2025,13.108,23.125999999999998,32.368,80.893377,59317.094999999994,5.3625,43502.5005325,29.2637718,1.1132866315999999,47483.982022,338145.0,61.92411,25.748151
France,100.0,100.0,,,14.775,54.489999999999995,393.46799999999996,108.748,90.2092804,41882.3462,3.43,309829.9942,12.1437314,-0.15206675080000007,39380.82447,643801.0,46.227638,2.213749
Gabon,89.33064019999999,87.26,157.374,13620000.0,87.72,1.246,0.0,0.966,43.6628712,8876.629620000002,6.6225000000000005,5529.999971499999,,1.097009737,7364.5147274,267667.0,-0.803689,11.609444
Gambia,59.440095,1.8199999999999998,1.49,34010000.0,48.7225,0.298,0.0,0.0,0.0,972.691828,3.1975000000000002,,,,,11300.0,13.466666,-16.56666666
Georgia,99.97999999999999,85.65,845.0,47695000.0,27.2075,2.336,0.0,9.132,79.5898942,19172.932399999998,3.9725,9764.999629,,2.1627745095999997,4421.326610800001,69700.0,42.315407,43.356892
Germany,100.0,100.0,,,15.6875,318.43600000000004,75.28,223.974,48.672679,45083.101800000004,2.9125,711112.5183,17.5559218,0.4964294052000001,45520.664408,357022.0,51.165691,10.451526
Ghana,81.61471,22.1,55.852,136215000.0,43.2325,8.7,0.0,6.4,43.112968,3060.9993999999997,2.87,17950.0002875,,4.9249313128,2151.8525658,238533.0,7.946527000000001,-1.023194
Greece,100.0,100.0,,,17.29,36.22,0.0,15.696000000000002,30.4534906,29094.5804,3.0425,64667.499540000004,14.219601599999999,-0.9884258734,18590.326288,131957.0,39.074208,21.824312
Grenada,92.5878476,89.94,25.232,720000.0,10.985,0.20600000000000002,0.0,0.0,0.0,10289.4982,2.5,304.9999997,,-0.09888310619999992,10067.392271,349.0,12.1165,-61.678999999999995
Guatemala,94.4684188,47.13,162.602,20522500.0,63.86750000000001,4.76,0.0,8.453999999999999,63.963250800000004,5685.2838600000005,4.275,17922.499655,,2.2854561178,4469.5498044,108889.0,15.783471,-90.230759
Guinea,40.153736,1.44,30.76,525072500.0,70.6425,0.648,0.0,1.3780000000000001,66.04518920000001,1245.5013199999999,5.6625,3464.99997375,,8.0227698792,959.03185932,245857.0,9.945587,-9.696645
Guinea-Bissau,28.352175,1.1,0.43200000000000005,2130000.0,86.59,0.08,0.0,0.0,0.0,748.3413859999999,8.94,317.500002675,,3.113143792,735.94981748,36125.0,11.803749,-15.180412999999998
Guyana,91.024171,77.78,64.478,22720000.0,17.9375,1.002,0.0,0.154,13.3266308,13093.1614,3.9825,2597.49996675,,12.163097970599999,6329.5242736,214969.0,4.860416,-58.93017999999999
Haiti,44.4054764,4.26,6.434,18777500.0,76.2375,0.8560000000000001,0.0,0.136,13.69718666,1217.832252,5.74,3324.9999285,,0.19251653700000002,1344.7857394,27750.0,18.971187,-72.285215
Honduras,90.801342,47.44,174.346,90515000.0,48.6025,4.7219999999999995,0.0,5.578,54.2733148,5456.84572,4.435,9750.000239,,1.2538373898000004,2440.2614408,112090.0,15.199999,-86.241905
Hungary,100.0,100.0,,,14.275,12.918000000000001,16.046,4.144,60.964755600000004,27427.369599999998,3.725,45867.5003075,4.5181724,2.3396780712000003,15374.969598,93028.0,47.162494,19.503304
Iceland,100.0,100.0,,,80.5275,0.0,0.0,18.868000000000002,100.0,177913.992,12.325,1659.9999965,80.7263972,2.2643454834,67335.904346,103000.0,64.963051,-19.020835
India,94.6702032,59.760000000000005,85.046,1381172500.0,32.795,1221.324,40.826,265.12800000000004,19.9546582,6442.634,4.4225,2355972.47325,8.2031468,3.6748954674000003,1947.7191266000002,3287263.0,20.593684,78.96288
Indonesia,98.014,78.27000000000001,36.734,478785000.0,23.6325,232.464,,46.416,16.6097432,7774.6011,3.185,549165.00855,7.1773415,3.6451525680000003,3859.8087788,1904569.0,-0.789275,113.92132699999999
Iraq,99.8736748,98.74,62.936,186765000.0,0.6074999999999999,80.672,0.0,3.686,4.31569264,14432.346,5.025,158754.99725000001,1.55960226,0.9771416746,5115.690445,438317.0,33.223191,43.679291
Ireland,100.0,100.0,,,10.4525,20.524,0.0,10.372,33.472381999999996,37843.618,1.4825,37502.49958,15.320946999999999,6.1592777772,75528.80106599999,84421.0,53.41291,-8.24389
Israel,100.0,100.0,,,4.015,66.94800000000001,0.0,2.418,3.45784382,34237.0152,2.66,63580.0018325,2.46365684,2.8886768322000003,41657.607182,20770.0,31.046051,34.851612
Italy,100.0,100.0,,,16.7175,175.66,0.0,111.80799999999999,38.9262956,30041.465600000003,2.5075,326162.49845,17.709528799999998,-0.9282362984000001,32645.501178,301340.0,41.87194,12.56738
Jamaica,98.44046,83.9,76.912,22295000.0,10.005,3.528,0.0,0.616,14.861276,13012.0932,4.215,7947.4999905,,-0.9690877078,5061.574361,10991.0,18.109581,-77.297508
Japan,100.0,100.0,,,7.055,774.292,39.236000000000004,182.954,22.334784000000003,40709.48760000001,3.455,1130184.99725,9.33068712,-0.26543877260000004,39814.171065999995,377944.0,36.204824,138.252924
Jordan,99.9517648,99.9,113.35799999999999,276977500.0,6.325,16.976,0.0,2.394,12.240251099999998,11157.7852,3.8775,25094.99979,,1.2838937986,4280.655778,89342.0,30.585164,36.238414
Kazakhstan,100.0,92.92,201.89,181507500.0,1.9175,92.516,,11.512,11.104755800000001,41725.8476,6.305,211360.0006,3.8409165,2.26,9141.9757568,2724900.0,48.019573,66.923684
Kenya,62.299784599999995,16.119999999999997,37.468,347272500.0,70.69749999999999,1.47,0.0,9.506,86.4308128,1960.39536,5.4375,19465.0001525,,3.6646149668,1748.8092305999999,580367.0,-0.023559,37.906193
Kiribati,89.8150208,8.18,24.7,430000.0,42.425,0.03,0.0,0.0,0.0,2531.0874,5.845,85.00000276,,2.3564639718000002,1641.7112774000002,811.0,1.8368976,-157.3768317
Kuwait,100.0,100.0,16.516,,0.03,68.22200000000001,0.0,0.046,0.0669594072,102301.465,7.2375,91580.0018325,0.0342388718,-1.7595812576,29599.341272,17818.0,29.31166,47.481766
Kyrgyzstan,99.913058,76.66,583.9979999999999,31440000.0,24.39,1.3039999999999998,0.0,13.624,91.1505622,11053.561,5.35,,,,,199951.0,41.20438,74.766098
Latvia,100.0,100.0,,,40.8925,2.714,0.0,3.8520000000000003,58.364124600000004,23008.0354,3.2875,7407.50002875,23.9457332,1.7071878366,16697.554364,64589.0,56.87963499999999,24.603189
Lebanon,99.8560648,,47.828,7552500.0,4.535,18.886000000000003,0.0,0.756,3.83316502,17881.4866,3.4475,28217.50021,,-5.591923921,7151.9005302000005,10400.0,33.854721,35.862285
Lesotho,41.524907400000004,38.72,35.628,4786666.666666667,40.714999999999996,0.0,0.0,0.52,100.0,2171.89674,8.1025,722.4999964250001,,-2.1544383322,1060.6170792,30355.0,-29.609987999999998,28.233607999999997
Liberia,23.0827686,0.4,16.65,25170000.0,85.4325,0.348,0.0,0.10600000000000001,11.910112,1089.68956,13.875,1249.99997025,,-0.6784882982,695.50856664,111369.0,6.428054999999999,-9.429499
Libya,69.484148,,0.756,,2.7125,30.933999999999997,0.0,0.01,0.032348942000000006,30280.1726,8.88,54882.499695,,2.0508374116,5810.8527268,1759540.0,26.3351,17.228331
Lithuania,100.0,100.0,,,33.1275,1.062,0.0,2.374,70.50025339999999,24051.313199999997,3.2275,11449.999810000001,9.5466977,3.0472151656000004,18165.609338000002,65300.0,55.169438,23.881275
Luxembourg,100.0,100.0,,,15.342500000000001,0.28600000000000003,0.0,0.702,70.00047959999999,72812.311,2.3525,9164.99996175,4.5259122,1.9614643494,112635.71106,2586.0,49.815273,6.129583
Madagascar,29.655015400000003,0.9199999999999999,7.18,24657500.0,82.91999999999999,1.24,0.0,0.8540000000000001,40.7762588,602.97594,8.2375,3529.99997175,,1.6782861426,501.93517443999997,587041.0,-18.766947,46.869107
Malawi,13.557353799999998,1.3800000000000001,21.802,30742500.0,75.17,0.19,0.0,1.6780000000000002,89.5700764,549.696004,3.285,1285.00002625,,3.4247878210000002,519.03512866,118484.0,-13.254308,34.301525
Malaysia,99.9689448,96.1,250.96999999999997,355000.0,5.0175,139.8,,27.327999999999996,16.3211918,37103.272,4.43,240315.00245,6.14695766,2.779617374,10660.469194000001,329847.0,4.210484,101.975766
Maldives,99.96000000000001,98.78,23.912,2435000.0,1.1725,0.598,0.0,0.026000000000000002,4.15950554,16736.7856,2.535,1957.499951,,-0.9889747174,9310.317949,298.0,3.202778,73.22068
Mali,44.5735028,0.9,20.130000000000003,31075000.0,76.445,1.7899999999999998,0.0,1.432,44.8638658,1204.9498800000001,4.8175,5287.4999045,,3.8849899942,849.4092134800001,1240192.0,17.570692,-3.996166
Malta,100.0,100.0,,,7.9325,1.546,0.0,0.194,11.7014438,75556.876,1.375,1519.999981,,3.1856008472000004,28547.054972,316.0,35.937496,14.375415999999998
Mauritania,44.3424414,43.08,22.69,49427500.0,27.0175,1.202,0.0,0.398,24.7316808,3743.8828399999998,3.1,3597.50002625,,3.2109619877999998,1647.9928759999998,1030700.0,21.00789,-10.940835
Mauritius,99.640101,96.97999999999999,178.834,14870000.0,9.469999999999999,2.412,0.0,0.522,17.8216852,20744.0674,2.2075,4127.500057,,-0.09410993560000022,10219.9765768,2040.0,-20.348404,57.552152
Mexico,99.6,84.84,180.99,399100000.0,9.895,247.20999999999998,11.181999999999999,59.164,22.128879,17956.8492,3.1075,461682.495125,7.193943679999999,-0.30939556600000007,9199.814293200001,1964375.0,23.634501,-102.552784
Mongolia,95.1561772,48.68,67.756,102405000.0,3.29,5.598,0.0,0.454,7.287642180000001,21575.6464,6.42,20592.4997325,,3.1832067482,3993.6267242000004,1564116.0,46.862496,103.84665599999998
Montenegro,100.0,61.879999999999995,,,40.25,1.466,0.0,1.782,54.2902294,20188.8256,3.4425,2379.99999525,,0.29993712800000016,8049.343829200001,13812.0,42.708678,19.37439
Morocco,99.1,97.94,82.816,429297500.0,10.775,28.810000000000002,0.0,6.114,17.3528743,6698.28122,3.2475,65070.0006475,6.633988840000001,0.9555289307999999,3090.5703544,446550.0,31.791701999999997,-7.092619999999999
Mozambique,28.3849606,4.609999999999999,76.934,76500000.0,78.6875,3.106,0.0,14.931999999999999,82.816874,2626.2005,12.2525,7235.00001425,,2.4180092102,469.7691224,799380.0,-18.665695,35.529562
Myanmar,66.07956779999999,26.47,63.492,49257500.0,61.6425,10.303999999999998,0.0,11.232,52.53461,3071.32464,3.5675,31005.000115000003,,6.517411430199999,1255.3229348,676578.0,21.916221,95.955974
Namibia,53.5277358,46.019999999999996,183.79000000000002,12962500.0,30.155,0.048,0.0,1.5379999999999998,97.0067102,9544.232,3.44,4212.499976,,-1.8643522208,4938.2916392,824292.0,-22.95764,18.49041
Nauru,99.90222800000001,100.0,114.498,2800000.0,0.5125,0.032,0.0,0.0,0.0,25617.914,5.23,62.49999907,,1.0142576793999998,10617.0192862,21.0,-0.522778,166.931503
Nepal,90.46327,32.459999999999994,39.302,96817500.0,76.8175,0.0,0.0,5.306,100.0,1634.57364,5.65,12882.499695,,4.3202891826,1095.3205996000002,147181.0,28.394856999999995,84.124008
Netherlands,100.0,100.0,,,6.97,92.24000000000001,3.7739999999999996,21.332,21.260978599999998,59386.9456,3.2275,152999.996175,6.843921259999999,1.12409675,50490.972904,41543.0,52.132633,5.291266
New Caledonia,100.0,,562.4559999999999,4270000.0,4.7375,2.6399999999999997,0.0,0.422,13.741433899999999,75692.09,,5328.151,,,34384.6924275,19060.0,-20.904305,165.618042
New Zealand,100.0,100.0,,,30.607499999999998,7.62,0.0,35.714,82.41801699999999,52685.174399999996,4.0875,32622.499942500002,38.0125388,2.8091786944,42115.228462,268838.0,-40.900557,174.885971
Nicaragua,86.9424688,53.92999999999999,107.35,67885000.0,50.15,2.0780000000000003,0.0,2.378,53.363007,4314.6662400000005,4.49,5302.5000095,,0.03593535860000006,2022.6533618,130370.0,12.865416,-85.207229
Niger,18.2295054,2.1,0.858,59812500.0,81.27250000000001,0.488,0.0,0.034,6.5941359,453.385948,5.12,2030.00000125,,5.4948918739999995,542.0959374400001,1267000.0,17.607789,8.081666
Nigeria,56.2,10.83,10.956,1632865000.0,82.005,23.64,0.0,7.964,25.2224048,2447.48628,6.305,111125.0,,0.30519024140000006,2099.8595688,923768.0,9.081999,8.675277
North Macedonia,99.96000000000001,76.37,,,19.39,3.982,0.0,1.6280000000000001,29.056788,13971.0918,3.4050000000000002,7672.50013375,14.738155599999999,1.1025100246,5739.2945383999995,25713.0,41.608635,21.745275
Norway,100.0,100.0,,,60.9,2.7640000000000002,0.0,143.372,98.1010848,103187.17199999999,3.56,37505.0001125,69.2066968,0.9084586428,74254.91092000001,323802.0,60.472024,8.468946
Oman,100.0,100.0,9.372,,0.0,34.364,0.0,0.038,0.10985792220000001,79273.74299999999,7.6625,73922.4987025,0.05346126,0.46148859600000003,17047.076156000003,309500.0,21.4735329,55.975413
Pakistan,72.92614160000001,46.3,51.58,1173160000.0,43.11,86.518,8.309999999999999,38.78,35.1643964,4326.53948,4.6,189455.00182499998,10.643013400000001,3.4253581704,1358.5964609999999,796095.0,30.375320999999996,69.345116
Panama,94.8628512,87.67999999999999,538.982,139647500.0,22.262500000000003,2.848,0.0,7.694,72.89683540000001,29489.264600000002,1.46,11075.000285,,-0.14700819579999944,14663.895616,75420.0,8.537981,-80.782127
Papua New Guinea,55.918072200000005,9.03,38.757999999999996,8355000.0,53.765,3.086,0.0,1.316,29.950260000000004,2971.01874,5.175,7602.499962,,1.9450724588,2716.7547932,462840.0,-6.314993,143.95555
Paraguay,99.4,67.4,1271.714,44030000.0,60.485,0.028000000000000004,0.0,55.339999999999996,99.9413558,21938.2086,3.4025,7980.0001382499995,,2.2629608964,5433.659934400001,406752.0,-23.442503,-58.443832
Peru,95.812634,81.42999999999999,194.802,180245000.0,27.45,21.636000000000003,0.0,31.639999999999997,59.274753999999994,9482.0924,2.5675,55617.500305,26.581893,0.2992947791999999,6605.5568434,1285216.0,-9.189967,-75.015152
Philippines,94.4004468,45.46,61.67,70080000.0,27.5925,75.618,0.0,23.09,23.4575128,4865.87614,2.8275,134862.50115,11.190751,3.393485287,3246.6362064,300000.0,12.879721,121.774017
Poland,100.0,100.0,,,11.4775,140.68800000000002,0.0,24.45,14.8540145,30674.227600000002,3.6825,304924.99545,6.570263219999999,3.1060753223999997,14646.760272,312685.0,51.919438,19.145136
Portugal,100.0,100.0,,,27.27,27.339999999999996,0.0,28.362000000000002,51.1034248,28715.522999999997,2.6875,49057.499885,27.1488114,0.5230920216000001,22094.782199999998,92212.0,39.399872,-8.224454
Puerto Rico,100.0,,120.242,,1.9825,17.422,0.0,0.386,2.17948488,24540.2346,0.5325,,,-2.1429845978000004,31696.419046000003,9104.0,18.25,-66.5
Qatar,100.0,100.0,15.546000000000001,,0.055,43.918,0.0,0.026000000000000002,0.059572338999999995,204960.78199999998,6.4825,88212.49962,0.06958878399999999,-0.013580730999999967,58919.31967,11586.0,25.354826,51.183884
Romania,99.82000000000001,87.22,,,23.58,24.832,11.386,25.338,59.8133502,19625.4972,2.545,73734.9987025,17.5174032,3.350955267,11710.0026566,238391.0,45.943161,24.96676
Rwanda,37.4813514,1.5399999999999998,10.692,35017500.0,83.6425,0.42400000000000004,0.0,0.41999999999999993,49.514785,480.38725400000004,4.145,1242.50000725,,4.926333778599999,783.7439420000001,26338.0,-1.940278,29.873888
Saint Kitts and Nevis,100.0,100.0,78.978,,1.615,0.20600000000000002,0.0,0.008,3.72294368,22397.1274,2.59,,,,,261.0,17.357822,-62.782998
Saint Lucia,98.85981919999999,94.74,14.440000000000001,9770000.0,10.34,0.36,0.0,0.0,0.0,12086.2558,2.895,,,,,616.0,13.909444000000002,-60.97889299999999
Saint Vincent and the Grenadines,99.95571,94.72,64.742,17395000.0,5.0,0.12,0.0,0.024,16.5714282,9328.099,2.575,,,,,389.0,12.984305,-61.287228000000006
Samoa,99.123554,34.480000000000004,128.394,1025000.0,35.8625,0.092,0.0,0.05600000000000001,37.7857148,7368.49904,4.237500000000001,300.000004475,,1.9445475819999998,4189.371728,2831.0,-13.759029000000002,-172.104629
Sao Tome and Principe,73.223362,2.7800000000000002,12.39,160000.0,38.14,0.082,0.0,0.01,10.8888888,3255.10372,3.5225,140.0000006,,3.2519200378,1922.5677672000002,836.0,0.3301924,6.733343
Saudi Arabia,99.96600000000001,100.0,5.67,,0.02,339.88800000000003,,0.13999999999999999,0.0414159114,88017.1302,5.6775,537835.006725,0.0120230342,-0.08238295960000004,21453.672373999998,2149690.0,23.885942,45.079162
Senegal,66.59378799999999,25.3,10.745999999999999,120325000.0,37.0,4.046,0.0,0.698,14.5466554,2553.3855599999997,3.6825,10182.50012525,,5.174993210999999,1398.330716,196722.0,14.497401,-14.452361999999999
Serbia,99.96000000000001,77.16,,,20.872500000000002,26.808,0.0,10.354,27.8566748,26264.0768,5.3825,46510.0002275,,2.664402059,6889.572094,77474.0,44.016521,21.005859
Seychelles,100.0,100.0,94.26,810000.0,1.295,0.48599999999999993,0.0,0.028000000000000004,5.09312908,47349.992000000006,3.095,587.4999910500001,,0.29845037780000006,14797.321263999998,455.0,-4.679574,55.491977
Sierra Leone,23.740177199999998,0.65,12.712,7517500.0,74.9,0.044,0.0,0.182,80.903158,545.383642,5.6475,907.499998825,,3.3995959252,512.64408488,71740.0,8.460555,-11.779889
Singapore,100.0,100.0,71.088,,0.73,49.721999999999994,0.0,0.672,1.33009146,160698.124,2.635,47505.000115,0.29157087600000003,1.460215923,62028.427674,716.0,1.352083,103.81983599999998
Slovakia,100.0,100.0,,,13.8975,5.87,15.081999999999999,6.4959999999999996,78.625782,34399.468,4.2975,,9.6756834,,,49035.0,48.669026,19.699024
Slovenia,100.0,100.0,,,20.535,5.176,5.992,5.068,68.0980776,38081.0614,3.75,13922.499895,16.9778016,2.2902049329999996,24536.795274,20273.0,46.151241,14.995463
Solomon Islands,66.1125708,8.879999999999999,5.446,59265000.0,48.6775,0.1,0.0,0.0,0.0,2039.6843000000001,4.4025,357.500009225,,2.4108983680000002,2312.9688247999998,28896.0,-9.64571,160.156194
Somalia,50.5818164,2.7,0.858,6380000.0,94.91,0.33399999999999996,0.0,0.02,5.5957542799999995,234.75280400000003,11.6675,667.50001905,,5.8384873602,404.35336634,637657.0,5.152149,46.199616
South Africa,84.477108,85.67999999999999,126.74000000000001,192590000.0,10.4175,209.2,13.216,11.07,10.4101432,25218.4512,7.8825,433695.0073,2.4963085400000002,-0.6017608992000001,6346.726103999999,1219090.0,-30.559481999999996,22.937506
South Sudan,5.88777652,0.0,0.05,177500.0,28.18,0.526,0.0,0.006,1.0846560799999998,691.241312,,1625.0,,,,644329.0,6.8769919,31.306978800000003
Spain,100.0,100.0,,,16.9025,109.256,57.818000000000005,102.244,59.4977444,33575.1228,2.765,251875.0038,18.400247200000003,-0.08879337440000015,28314.838236,505370.0,40.463667,-3.74922
Sri Lanka,98.864688,29.46,101.068,118377500.0,50.39,9.370000000000001,0.0,5.5920000000000005,37.3100904,4861.6002,1.815,22690.000535,14.5392164,2.0045810162,3911.0965306,65610.0,7.873053999999999,80.771797
Sudan,52.280673,51.46,48.432,52422500.0,60.8725,5.706,0.0,9.894,63.3440424,2546.18808,4.5725,20892.4999225,,-0.8624177504,783.89092356,1861484.0,12.862807,30.217636
Suriname,97.188568,93.28,329.882,7600000.0,14.55,0.978,0.0,0.9339999999999999,48.8634482,20837.6222,3.8975,2577.50004525,,-2.64196161,6175.3472098,163820.0,3.919305,-56.027783
Sweden,100.0,100.0,,,51.78,3.3160000000000003,62.536,97.286,97.964015,61932.943799999994,3.925,37019.999505,44.502677,1.1253217034,52911.91296,450295.0,60.128161,18.643501
Switzerland,100.0,100.0,,,24.5125,3.62,22.484,35.954,94.1323012,37592.253000000004,1.69,38307.499885,33.1202024,1.0730154696,85049.065918,41277.0,46.818188,8.227512
Tajikistan,99.444164,80.66,566.7819999999999,167310000.0,40.22,1.158,0.0,17.784,93.9878708,7705.09734,4.7675,7890.000105,,6.699999913000001,851.73524058,144100.0,38.861034,71.276093
Thailand,99.893992,81.78,158.16199999999998,99425000.0,23.085,159.408,0.0,22.896,12.525534,20234.159,4.7075,261139.999375,6.046832759999999,1.5939748148,6977.5774478,513120.0,15.870032,100.992541
Togo,50.2251106,8.65,8.932,4727500.0,77.4175,0.406,0.0,0.20400000000000001,34.440564,1183.3796,8.53,2262.4999285,,4.4191574116,868.74468672,56785.0,8.619543,0.8247820000000001
Tonga,98.58282799999999,79.63,61.416,15707500.0,1.885,0.05600000000000001,0.0,0.008,11.904762000000002,6390.9285,2.975,162.5000015,,2.3164342124,4587.9691278,747.0,-21.178986,-175.198242
Trinidad and Tobago,100.0,100.0,2.334,,0.4325,8.622,0.0,0.01,0.115928538,127986.93000000001,19.2325,17882.5001725,0.006690924400000001,-3.524695169,16305.005829999998,5128.0,10.691803,-61.222503
Tunisia,99.96000000000001,99.8,32.162,37295000.0,12.0825,18.753999999999998,0.0,0.708,3.62945176,9850.586,3.85,29842.4997325,,-0.3815724042000001,3677.8558752,163610.0,33.886917,9.537499
Turkey,100.0,95.17999999999999,508.438,797600000.0,12.645,189.268,0.0,107.17,36.0558176,21470.325,2.6574999999999998,,16.180335200000002,3.2976206978000002,9719.313606,783562.0,38.963745,35.243322
Turkmenistan,99.97723,99.9,0.20400000000000001,45000.0,0.057499999999999996,20.966,0.0,0.0,0.0,59243.4054,13.8425,73095.0012225,0.007553310400000001,6.2999999885,6888.5463505,488100.0,38.969719,59.556278
Tuvalu,98.92169,68.47,195.278,3275000.0,8.68,,,,,0.0,2.645,9.999999776,,4.7569676862,3745.7358884,26.0,-7.109534999999999,177.64933
Uganda,36.9031138,0.58,22.71,222137500.0,90.47,0.21600000000000003,0.0,3.938,94.69312599999999,797.8396759999999,10.1525,5460.00003825,,4.7212762092,774.92096004,241038.0,1.373333,32.290275
Ukraine,100.0,94.92,,,6.58,60.74400000000001,82.026,12.516,60.96089859999999,22121.332400000003,7.4175,184237.499225,3.38994498,1.4977628658,3061.8025805999996,603550.0,48.379433,31.16558
United Arab Emirates,100.0,100.0,113.628,,0.325,123.854,0.312,2.338,2.0793841559999997,134291.552,4.4925,191024.9977,0.4603556299999999,0.7649321346000001,40322.39622,83600.0,23.424076,53.847818
United Kingdom,100.0,100.0,,,10.3825,154.53,62.83200000000001,108.81800000000001,52.760604,32897.258400000006,2.4225,364365.00549999997,14.966574399999999,-0.3350747364000002,42026.786084,243610.0,55.378051000000006,-3.4359729999999997
United States,100.0,100.0,,,9.98,2575.708,803.402,729.486,37.3168906,78042.2092,4.62,4876725.09775,9.2359138,1.1594310926,62013.68945799999,9833517.0,37.09024,-95.712891
Uruguay,99.84,100.0,1048.424,44075000.0,60.69,1.6620000000000001,0.0,12.756,88.42222480000001,19210.7336,2.7725,6412.49990475,,-0.3425629537999999,17447.362856,176215.0,-32.522779,-55.765835
Uzbekistan,100.0,84.65,59.038,52722500.0,1.605,51.322,0.0,6.586,11.3782483,16307.117600000001,8.28,110985.000625,3.2375416799999996,4.6213650238,1950.6434192000002,447400.0,41.377491,64.585262
Vanuatu,62.8595946,8.22,36.824,6566666.666666667,32.8375,0.05,0.0,0.018,26.190476,2906.2580399999997,3.5925,192.49999895,,2.20061118,2999.9864922,12189.0,-15.376706000000002,166.959158
Yemen,71.3137022,61.370000000000005,6.470000000000001,18980000.0,2.9975,3.2960000000000003,0.0,0.36,10.461125,1292.02846,,,,,,527968.0,15.552727,48.516388
Zambia,40.7135636,11.879999999999999,142.906,103132500.0,82.935,1.748,0.0,12.644,88.166908,3125.25446,7.3025,6665.00008125,,1.9943520199999998,1324.500991,752618.0,-13.133897,27.849331999999997
Zimbabwe,46.3684314,30.0,73.95,1178000.0,81.598,3.468,0.0,4.37,55.4765814,3084.29292,9.962,11375.0002375,,-0.4206825135999999,1297.1341462,390757.0,-19.015438,29.154857
